yolo_conf,svm_threshold,f2,recall,precision,f1
0.01,0.01,0.8738664468260511,0.9814814814814815,0.6074498567335244,0.7504424778761062
0.01,0.05,0.9005947323704333,0.9814814814814815,0.6773162939297125,0.8015122873345936
0.01,0.1,0.9106529209621993,0.9814814814814815,0.7066666666666667,0.8217054263565892
0.01,0.15,0.916955017301038,0.9814814814814815,0.726027397260274,0.8346456692913385
0.01,0.2,0.9201388888888888,0.9814814814814815,0.7361111111111112,0.8412698412698413
0.01,0.25,0.9238178633975481,0.9768518518518519,0.7589928057553957,0.854251012145749
0.01,0.3,0.9242957746478874,0.9722222222222222,0.7720588235294118,0.860655737704918
0.01,0.35,0.9187279151943463,0.9629629629629629,0.7761194029850746,0.859504132231405
0.01,0.4,0.9188224799286352,0.9537037037037037,0.8015564202334631,0.8710359408033826
0.01,0.45,0.9192825112107623,0.9490740740740741,0.8167330677290837,0.8779443254817987
0.01,0.5,0.9214092140921409,0.9444444444444444,0.8395061728395061,0.8888888888888888
0.01,0.55,0.9032846715328468,0.9166666666666666,0.853448275862069,0.8839285714285714
0.01,0.6,0.9041095890410958,0.9166666666666666,0.8571428571428571,0.8859060402684564
0.01,0.65,0.9007352941176471,0.9074074074074074,0.875,0.8909090909090909
0.01,0.7,0.8935185185185185,0.8935185185185185,0.8935185185185185,0.8935185185185185
0.05,0.01,0.9315931593159316,0.9583333333333334,0.8380566801619433,0.8941684665226782
0.05,0.05,0.933273219116321,0.9583333333333334,0.8448979591836735,0.8980477223427332
0.05,0.1,0.9366515837104072,0.9583333333333334,0.8589211618257261,0.9059080962800875
0.05,0.15,0.9383499546690843,0.9583333333333334,0.8661087866108786,0.9098901098901099
0.05,0.2,0.9400544959128065,0.9583333333333334,0.8734177215189873,0.9139072847682119
0.05,0.25,0.9389243391066545,0.9537037037037037,0.8841201716738197,0.9175946547884187
0.05,0.3,0.9360730593607306,0.9490740740740741,0.8874458874458875,0.9172259507829977
0.05,0.35,0.9286367795059469,0.9398148148148148,0.8864628820960698,0.9123595505617977
0.05,0.4,0.9237132352941176,0.9305555555555556,0.8973214285714286,0.9136363636363637
0.05,0.45,0.922509225092251,0.9259259259259259,0.9090909090909091,0.9174311926605505
0.05,0.5,0.9212962962962963,0.9212962962962963,0.9212962962962963,0.9212962962962963
0.05,0.55,0.9010270774976658,0.8935185185185185,0.9323671497584541,0.9125295508274232
0.05,0.6,0.9018691588785047,0.8935185185185185,0.9368932038834952,0.9146919431279621
0.05,0.65,0.900562851782364,0.8888888888888888,0.9504950495049505,0.9186602870813397
0.05,0.7,0.8906691800188501,0.875,0.9593908629441624,0.9152542372881356
0.1,0.01,0.9423604757548033,0.9537037037037037,0.8995633187772926,0.9258426966292135
0.1,0.05,0.9423604757548033,0.9537037037037037,0.8995633187772926,0.9258426966292135
0.1,0.1,0.9440879926672777,0.9537037037037037,0.9074889867841409,0.9300225733634312
0.1,0.15,0.945821854912764,0.9537037037037037,0.9155555555555556,0.9342403628117913
0.1,0.2,0.945821854912764,0.9537037037037037,0.9155555555555556,0.9342403628117913
0.1,0.25,0.9429622815087396,0.9490740740740741,0.9192825112107623,0.9339407744874715
0.1,0.3,0.9400921658986175,0.9444444444444444,0.9230769230769231,0.9336384439359268
0.1,0.35,0.9325946445060018,0.9351851851851852,0.9223744292237442,0.9287356321839081
0.1,0.4,0.9267840593141798,0.9259259259259259,0.9302325581395349,0.9280742459396751
0.1,0.45,0.9247211895910781,0.9212962962962963,0.9386792452830188,0.9299065420560748
0.1,0.5,0.9235074626865671,0.9166666666666666,0.9519230769230769,0.9339622641509434
0.1,0.55,0.9014084507042254,0.8888888888888888,0.9552238805970149,0.920863309352518
0.1,0.6,0.9014084507042254,0.8888888888888888,0.9552238805970149,0.920863309352518
0.1,0.65,0.89924670433145,0.8842592592592593,0.9646464646464646,0.9227053140096618
0.1,0.7,0.8893093661305582,0.8703703703703703,0.9740932642487047,0.9193154034229829
0.15,0.01,0.9475620975160993,0.9537037037037037,0.9237668161434978,0.9384965831435079
0.15,0.05,0.9475620975160993,0.9537037037037037,0.9237668161434978,0.9384965831435079
0.15,0.1,0.9493087557603687,0.9537037037037037,0.9321266968325792,0.9427917620137299
0.15,0.15,0.9501845018450185,0.9537037037037037,0.9363636363636364,0.944954128440367
0.15,0.2,0.9501845018450185,0.9537037037037037,0.9363636363636364,0.944954128440367
0.15,0.25,0.9473197781885397,0.9490740740740741,0.9403669724770642,0.9447004608294931
0.15,0.3,0.9435707678075855,0.9444444444444444,0.9400921658986175,0.9422632794457275
0.15,0.35,0.9360518999073216,0.9351851851851852,0.9395348837209302,0.9373549883990719
0.15,0.4,0.9302325581395349,0.9259259259259259,0.9478672985781991,0.936768149882904
0.15,0.45,0.9281716417910447,0.9212962962962963,0.9567307692307693,0.9386792452830188
0.15,0.5,0.9252336448598131,0.9166666666666666,0.9611650485436893,0.9383886255924171
0.15,0.55,0.9022556390977443,0.8888888888888888,0.96,0.9230769230769231
0.15,0.6,0.9022556390977443,0.8888888888888888,0.96,0.9230769230769231
0.15,0.65,0.9000942507068803,0.8842592592592593,0.9695431472081218,0.9249394673123487
0.15,0.7,0.8901515151515151,0.8703703703703703,0.9791666666666666,0.9215686274509803
0.2,0.01,0.951061865189289,0.9537037037037037,0.9406392694063926,0.9471264367816092
0.2,0.05,0.951061865189289,0.9537037037037037,0.9406392694063926,0.9471264367816092
0.2,0.1,0.951061865189289,0.9537037037037037,0.9406392694063926,0.9471264367816092
0.2,0.15,0.9519408502772643,0.9537037037037037,0.944954128440367,0.9493087557603687
0.2,0.2,0.9519408502772643,0.9537037037037037,0.944954128440367,0.9493087557603687
0.2,0.25,0.9490740740740741,0.9490740740740741,0.9490740740740741,0.9490740740740741
0.2,0.3,0.9453197405004634,0.9444444444444444,0.9488372093023256,0.9466357308584686
0.2,0.35,0.9377901578458682,0.9351851851851852,0.9483568075117371,0.9417249417249417
0.2,0.4,0.9302325581395349,0.9259259259259259,0.9478672985781991,0.936768149882904
0.2,0.45,0.9281716417910447,0.9212962962962963,0.9567307692307693,0.9386792452830188
0.2,0.5,0.9252336448598131,0.9166666666666666,0.9611650485436893,0.9383886255924171
0.2,0.55,0.9022556390977443,0.8888888888888888,0.96,0.9230769230769231
0.2,0.6,0.9022556390977443,0.8888888888888888,0.96,0.9230769230769231
0.2,0.65,0.9000942507068803,0.8842592592592593,0.9695431472081218,0.9249394673123487
0.2,0.7,0.8901515151515151,0.8703703703703703,0.9791666666666666,0.9215686274509803
0.25,0.01,0.9499536607970342,0.9490740740740741,0.9534883720930233,0.951276102088167
0.25,0.05,0.9499536607970342,0.9490740740740741,0.9534883720930233,0.951276102088167
0.25,0.1,0.9499536607970342,0.9490740740740741,0.9534883720930233,0.951276102088167
0.25,0.15,0.950834879406308,0.9490740740740741,0.9579439252336449,0.9534883720930233
0.25,0.2,0.950834879406308,0.9490740740740741,0.9579439252336449,0.9534883720930233
0.25,0.25,0.947075208913649,0.9444444444444444,0.9577464788732394,0.951048951048951
0.25,0.3,0.9433085501858736,0.9398148148148148,0.9575471698113207,0.9485981308411215
0.25,0.35,0.9357541899441341,0.9305555555555556,0.9571428571428572,0.9436619718309859
0.25,0.4,0.9281716417910447,0.9212962962962963,0.9567307692307693,0.9386792452830188
0.25,0.45,0.9252336448598131,0.9166666666666666,0.9611650485436893,0.9383886255924171
0.25,0.5,0.921421889616464,0.9120370370370371,0.9609756097560975,0.9358669833729216
0.25,0.55,0.8984007525870179,0.8842592592592593,0.9597989949748744,0.9204819277108434
0.25,0.6,0.8984007525870179,0.8842592592592593,0.9597989949748744,0.9204819277108434
0.25,0.65,0.8962264150943396,0.8796296296296297,0.9693877551020408,0.9223300970873787
0.25,0.7,0.8862559241706162,0.8657407407407407,0.9790575916230366,0.918918918918919
0.3,0.01,0.947075208913649,0.9444444444444444,0.9577464788732394,0.951048951048951
0.3,0.05,0.947075208913649,0.9444444444444444,0.9577464788732394,0.951048951048951
0.3,0.1,0.947075208913649,0.9444444444444444,0.9577464788732394,0.951048951048951
0.3,0.15,0.9479553903345725,0.9444444444444444,0.9622641509433962,0.9532710280373832
0.3,0.2,0.9479553903345725,0.9444444444444444,0.9622641509433962,0.9532710280373832
0.3,0.25,0.9441860465116279,0.9398148148148148,0.9620853080568721,0.9508196721311475
0.3,0.3,0.9404096834264432,0.9351851851851852,0.9619047619047619,0.9483568075117371
0.3,0.35,0.9328358208955224,0.9259259259259259,0.9615384615384616,0.9433962264150944
0.3,0.4,0.9252336448598131,0.9166666666666666,0.9611650485436893,0.9383886255924171
0.3,0.45,0.9222846441947565,0.9120370370370371,0.9656862745098039,0.9380952380952381
0.3,0.5,0.9184629803186504,0.9074074074074074,0.9655172413793104,0.9355608591885441
0.3,0.55,0.8953817153628653,0.8796296296296297,0.9644670050761421,0.9200968523002422
0.3,0.6,0.8953817153628653,0.8796296296296297,0.9644670050761421,0.9200968523002422
0.3,0.65,0.8931947069943289,0.875,0.9742268041237113,0.9219512195121952
0.3,0.7,0.8831908831908832,0.8611111111111112,0.9841269841269841,0.9185185185185185
0.35,0.01,0.9395348837209302,0.9351851851851852,0.957345971563981,0.9461358313817331
0.35,0.05,0.9395348837209302,0.9351851851851852,0.957345971563981,0.9461358313817331
0.35,0.1,0.9395348837209302,0.9351851851851852,0.957345971563981,0.9461358313817331
0.35,0.15,0.9404096834264432,0.9351851851851852,0.9619047619047619,0.9483568075117371
0.35,0.2,0.9404096834264432,0.9351851851851852,0.9619047619047619,0.9483568075117371
0.35,0.25,0.9366262814538676,0.9305555555555556,0.9617224880382775,0.9458823529411765
0.35,0.3,0.9328358208955224,0.9259259259259259,0.9615384615384616,0.9433962264150944
0.35,0.35,0.9252336448598131,0.9166666666666666,0.9611650485436893,0.9383886255924171
0.35,0.4,0.9176029962546817,0.9074074074074074,0.9607843137254902,0.9333333333333333
0.35,0.45,0.9146341463414634,0.9027777777777778,0.9653465346534653,0.9330143540669856
0.35,0.5,0.9107981220657277,0.8981481481481481,0.9651741293532339,0.9304556354916067
0.35,0.55,0.8876298394711992,0.8703703703703703,0.9641025641025641,0.9148418491484185
0.35,0.6,0.8876298394711992,0.8703703703703703,0.9641025641025641,0.9148418491484185
0.35,0.65,0.8854166666666666,0.8657407407407407,0.9739583333333334,0.9166666666666666
0.35,0.7,0.8753568030447193,0.8518518518518519,0.983957219251337,0.913151364764268
0.4,0.01,0.9328358208955224,0.9259259259259259,0.9615384615384616,0.9433962264150944
0.4,0.05,0.9328358208955224,0.9259259259259259,0.9615384615384616,0.9433962264150944
0.4,0.1,0.9328358208955224,0.9259259259259259,0.9615384615384616,0.9433962264150944
0.4,0.15,0.9328358208955224,0.9259259259259259,0.9615384615384616,0.9433962264150944
0.4,0.2,0.9328358208955224,0.9259259259259259,0.9615384615384616,0.9433962264150944
0.4,0.25,0.9290382819794585,0.9212962962962963,0.961352657004831,0.9408983451536643
0.4,0.3,0.9252336448598131,0.9166666666666666,0.9611650485436893,0.9383886255924171
0.4,0.35,0.9176029962546817,0.9074074074074074,0.9607843137254902,0.9333333333333333
0.4,0.4,0.9099437148217636,0.8981481481481481,0.9603960396039604,0.9282296650717703
0.4,0.45,0.9069548872180451,0.8935185185185185,0.965,0.9278846153846154
0.4,0.5,0.90310442144873,0.8888888888888888,0.964824120603015,0.9253012048192771
0.4,0.55,0.879848628192999,0.8611111111111112,0.9637305699481865,0.9095354523227384
0.4,0.6,0.879848628192999,0.8611111111111112,0.9637305699481865,0.9095354523227384
0.4,0.65,0.8776091081593927,0.8564814814814815,0.9736842105263158,0.9113300492610837
0.4,0.7,0.8674928503336511,0.8425925925925926,0.9837837837837838,0.9077306733167082
0.45,0.01,0.921421889616464,0.9120370370370371,0.9609756097560975,0.9358669833729216
0.45,0.05,0.921421889616464,0.9120370370370371,0.9609756097560975,0.9358669833729216
0.45,0.1,0.921421889616464,0.9120370370370371,0.9609756097560975,0.9358669833729216
0.45,0.15,0.921421889616464,0.9120370370370371,0.9609756097560975,0.9358669833729216
0.45,0.2,0.921421889616464,0.9120370370370371,0.9609756097560975,0.9358669833729216
0.45,0.25,0.9176029962546817,0.9074074074074074,0.9607843137254902,0.9333333333333333
0.45,0.3,0.9137769447047798,0.9027777777777778,0.9605911330049262,0.9307875894988067
0.45,0.35,0.9061032863849765,0.8935185185185185,0.9601990049751243,0.9256594724220624
0.45,0.4,0.8984007525870179,0.8842592592592593,0.9597989949748744,0.9204819277108434
0.45,0.45,0.8953817153628653,0.8796296296296297,0.9644670050761421,0.9200968523002422
0.45,0.5,0.8915094339622641,0.875,0.9642857142857143,0.9174757281553398
0.45,0.55,0.8681214421252372,0.8472222222222222,0.9631578947368421,0.9014778325123153
0.45,0.6,0.8681214421252372,0.8472222222222222,0.9631578947368421,0.9014778325123153
0.45,0.65,0.8658420551855376,0.8425925925925926,0.9732620320855615,0.9032258064516129
0.45,0.7,0.8556405353728489,0.8287037037037037,0.9835164835164835,0.8994974874371859
0.5,0.01,0.9116541353383458,0.8981481481481481,0.97,0.9326923076923077
0.5,0.05,0.9116541353383458,0.8981481481481481,0.97,0.9326923076923077
0.5,0.1,0.9116541353383458,0.8981481481481481,0.97,0.9326923076923077
0.5,0.15,0.9116541353383458,0.8981481481481481,0.97,0.9326923076923077
0.5,0.2,0.9116541353383458,0.8981481481481481,0.97,0.9326923076923077
0.5,0.25,0.9078080903104422,0.8935185185185185,0.9698492462311558,0.9301204819277108
0.5,0.3,0.903954802259887,0.8888888888888888,0.9696969696969697,0.927536231884058
0.5,0.35,0.8962264150943396,0.8796296296296297,0.9693877551020408,0.9223300970873787
0.5,0.4,0.888468809073724,0.8703703703703703,0.9690721649484536,0.9170731707317074
0.5,0.45,0.8854166666666666,0.8657407407407407,0.9739583333333334,0.9166666666666666
0.5,0.5,0.8815165876777251,0.8611111111111112,0.9738219895287958,0.914004914004914
0.5,0.55,0.8579599618684461,0.8333333333333334,0.972972972972973,0.8977556109725686
0.5,0.6,0.8579599618684461,0.8333333333333334,0.972972972972973,0.8977556109725686
0.5,0.65,0.8548233046800382,0.8287037037037037,0.9781420765027322,0.8972431077694235
0.5,0.7,0.8437200383509108,0.8148148148148148,0.9832402234636871,0.8911392405063291
0.55,0.01,0.8845789971617786,0.8657407407407407,0.9689119170984456,0.9144254278728606
0.55,0.05,0.8845789971617786,0.8657407407407407,0.9689119170984456,0.9144254278728606
0.55,0.1,0.8845789971617786,0.8657407407407407,0.9689119170984456,0.9144254278728606
0.55,0.15,0.8845789971617786,0.8657407407407407,0.9689119170984456,0.9144254278728606
0.55,0.2,0.8845789971617786,0.8657407407407407,0.9689119170984456,0.9144254278728606
0.55,0.25,0.8806818181818182,0.8611111111111112,0.96875,0.9117647058823529
0.55,0.3,0.8806818181818182,0.8611111111111112,0.96875,0.9117647058823529
0.55,0.35,0.8767772511848341,0.8564814814814815,0.9685863874345549,0.9090909090909091
0.55,0.4,0.8689458689458689,0.8472222222222222,0.9682539682539683,0.9037037037037037
0.55,0.45,0.8658420551855376,0.8425925925925926,0.9732620320855615,0.9032258064516129
0.55,0.5,0.861904761904762,0.8379629629629629,0.9731182795698925,0.900497512437811
0.55,0.55,0.8381226053639846,0.8101851851851852,0.9722222222222222,0.8838383838383839
0.55,0.6,0.8381226053639846,0.8101851851851852,0.9722222222222222,0.8838383838383839
0.55,0.65,0.8349328214971209,0.8055555555555556,0.9775280898876404,0.883248730964467
0.55,0.7,0.8236994219653179,0.7916666666666666,0.9827586206896551,0.8769230769230769
0.6,0.01,0.8389261744966443,0.8101851851851852,0.9776536312849162,0.8860759493670886
0.6,0.05,0.8389261744966443,0.8101851851851852,0.9776536312849162,0.8860759493670886
0.6,0.1,0.8389261744966443,0.8101851851851852,0.9776536312849162,0.8860759493670886
0.6,0.15,0.8389261744966443,0.8101851851851852,0.9776536312849162,0.8860759493670886
0.6,0.2,0.8389261744966443,0.8101851851851852,0.9776536312849162,0.8860759493670886
0.6,0.25,0.8349328214971209,0.8055555555555556,0.9775280898876404,0.883248730964467
0.6,0.3,0.8349328214971209,0.8055555555555556,0.9775280898876404,0.883248730964467
0.6,0.35,0.8309317963496637,0.8009259259259259,0.9774011299435028,0.8804071246819338
0.6,0.4,0.8229066410009624,0.7916666666666666,0.9771428571428571,0.8746803069053708
0.6,0.45,0.819672131147541,0.7870370370370371,0.9826589595375722,0.8740359897172236
0.6,0.5,0.819672131147541,0.7870370370370371,0.9826589595375722,0.8740359897172236
0.6,0.55,0.7994186046511628,0.7638888888888888,0.9821428571428571,0.859375
0.6,0.6,0.7994186046511628,0.7638888888888888,0.9821428571428571,0.859375
0.6,0.65,0.7961165048543689,0.7592592592592593,0.9879518072289156,0.8586387434554974
0.6,0.7,0.7838364167478091,0.7453703703703703,0.9877300613496932,0.8496042216358839
0.65,0.01,0.7658536585365854,0.7268518518518519,0.9751552795031055,0.8328912466843501
0.65,0.05,0.7658536585365854,0.7268518518518519,0.9751552795031055,0.8328912466843501
0.65,0.1,0.7658536585365854,0.7268518518518519,0.9751552795031055,0.8328912466843501
0.65,0.15,0.7658536585365854,0.7268518518518519,0.9751552795031055,0.8328912466843501
0.65,0.2,0.7658536585365854,0.7268518518518519,0.9751552795031055,0.8328912466843501
0.65,0.25,0.76171875,0.7222222222222222,0.975,0.8297872340425532
0.65,0.3,0.76171875,0.7222222222222222,0.975,0.8297872340425532
0.65,0.35,0.7575757575757576,0.7175925925925926,0.9748427672955975,0.8266666666666667
0.65,0.4,0.7492654260528894,0.7083333333333334,0.9745222929936306,0.8203753351206434
0.65,0.45,0.745829244357213,0.7037037037037037,0.9806451612903225,0.8194070080862533
0.65,0.5,0.745829244357213,0.7037037037037037,0.9806451612903225,0.8194070080862533
0.65,0.55,0.7248520710059172,0.6805555555555556,0.98,0.8032786885245902
0.65,0.6,0.7248520710059172,0.6805555555555556,0.98,0.8032786885245902
0.65,0.65,0.7213438735177866,0.6759259259259259,0.9864864864864865,0.8021978021978022
0.65,0.7,0.7086223984142715,0.6620370370370371,0.9862068965517241,0.7922437673130194
0.7,0.01,0.6519558676028084,0.6018518518518519,0.9774436090225563,0.7449856733524355
0.7,0.05,0.6519558676028084,0.6018518518518519,0.9774436090225563,0.7449856733524355
0.7,0.1,0.6519558676028084,0.6018518518518519,0.9774436090225563,0.7449856733524355
0.7,0.15,0.6519558676028084,0.6018518518518519,0.9774436090225563,0.7449856733524355
0.7,0.2,0.6519558676028084,0.6018518518518519,0.9774436090225563,0.7449856733524355
0.7,0.25,0.6475903614457831,0.5972222222222222,0.9772727272727273,0.7413793103448276
0.7,0.3,0.6475903614457831,0.5972222222222222,0.9772727272727273,0.7413793103448276
0.7,0.35,0.6432160804020101,0.5925925925925926,0.9770992366412213,0.7377521613832853
0.7,0.4,0.6344410876132931,0.5833333333333334,0.9767441860465116,0.7304347826086957
0.7,0.45,0.6306760847628657,0.5787037037037037,0.984251968503937,0.7288629737609329
0.7,0.5,0.6306760847628657,0.5787037037037037,0.984251968503937,0.7288629737609329
0.7,0.55,0.6085192697768763,0.5555555555555556,0.9836065573770492,0.7100591715976331
0.7,0.6,0.6085192697768763,0.5555555555555556,0.9836065573770492,0.7100591715976331
0.7,0.65,0.6040609137055838,0.5509259259259259,0.9834710743801653,0.7062314540059347
0.7,0.7,0.5906313645621182,0.5370370370370371,0.9830508474576272,0.6946107784431138
