image_filename,border_status
a017135.jpg,border
a017153.jpg,border
a017176.jpg,border
a017200.jpg,border
a017248.jpg,border
a017345.jpg,border
a017350.jpg,border
a017601.jpg,border
a017631.jpg,border
a017634.jpg,border
a036173.jpg,border
a036546.jpg,border
a036605.jpg,border
a036617.jpg,border
a036621.jpg,border
a036632.jpg,border
a036659.jpg,border
a036759.jpg,border
a036763.jpg,border
a036776.jpg,border
a036785.jpg,border
a036786.jpg,border
a036800.jpg,border
a036934.jpg,border
a046164.jpg,border
a046185.jpg,border
a046328.jpg,border
a046344.jpg,border
a046417.jpg,border
a046717.jpg,border
a070390.jpg,border
a070391.jpg,border
a070663.jpg,border
a071842.jpg,border
a072990.jpg,border
a073101.jpg,border
a073144.jpg,border
a073171.jpg,border
a073176.jpg,border
a073227.jpg,border
a073228.jpg,border
a073230.jpg,border
a073280.jpg,border
a073288.jpg,border
a073300.jpg,border
a073333.jpg,border
a073350.jpg,border
a073405.jpg,border
a073406.jpg,border
a073438.jpg,border
a073498.jpg,border
a073532.jpg,border
a073673.jpg,border
a073696.jpg,border
a073921.jpg,border
a073923.jpg,border
a074018.jpg,border
a074030.jpg,border
a074031.jpg,border
a074293.jpg,border
a074305.jpg,border
a074320.jpg,border
a074461.jpg,border
a074470.jpg,border
a074489.jpg,border
a074506.jpg,border
a074510.jpg,border
a074553.jpg,border
a074634.jpg,border
a074645.jpg,border
a074665.jpg,border
a108103.jpg,border
a108115.jpg,border
a108118.jpg,border
a108139.jpg,border
a108177.jpg,border
a108179.jpg,border
a108576.jpg,border
a108579.jpg,border
a108706.jpg,border
a108714.jpg,border
a108745.jpg,border
a108749.jpg,border
a121217.jpg,border
a121261.jpg,border
a135202.jpg,border
a135237.jpg,border
a135553.jpg,border
a135558.jpg,border
a135570.jpg,border
a135658.jpg,border
a135725.jpg,border
a135730.jpg,border
a135740.jpg,border
a135746.jpg,border
a135815.jpg,border
a135817.jpg,border
a140305.jpg,border
a140326.jpg,border
a140332.jpg,border
a140346.jpg,border
b001092l.jpg,border
b003350l.jpg,border
b007554l.jpg,border
b007606l.jpg,border
b007650l.jpg,border
b009862l.jpg,border
b009893l.jpg,border
b009944l.jpg,border
b009947l.jpg,border
b022588.jpg,border
b022632.jpg,border
b022672.jpg,border
b022695.jpg,border
b022782.jpg,border
b022832.jpg,border
b022885.jpg,border
b022921.jpg,border
b022926.jpg,border
b023058.jpg,border
b023079.jpg,border
b023206.jpg,border
b023238.jpg,border
b023316.jpg,border
b024999.jpg,border
b029941.jpg,border
b032256.jpg,border
b032262.jpg,border
b032296.jpg,border
b032344.jpg,border
b038467.jpg,border
b038475.jpg,border
b038488.jpg,border
b038493.jpg,border
b047987.jpg,border
b049478.jpg,border
b049488.jpg,border
b051490.jpg,border
b052157.jpg,border
b052161.jpg,border
b052180.jpg,border
b052190.jpg,border
b053374.jpg,border
b053378.jpg,border
b054961.jpg,border
b054963.jpg,border
b054964.jpg,border
b061059.jpg,border
b061084.jpg,border
b061086.jpg,border
b062917.jpg,border
b065270.jpg,border
b065512.jpg,border
b065852.jpg,border
b065994.jpg,border
b066130.jpg,border
b066655.jpg,border
b066657.jpg,border
b066698.jpg,border
b066851.jpg,border
b066956.jpg,border
b066979.jpg,border
b068729.jpg,border
b069798.jpg,border
b069800.jpg,border
b074004.jpg,border
b074066.jpg,border
b074074.jpg,border
b074135.jpg,border
b074149.jpg,border
b074252.jpg,border
b074268.jpg,border
b074904.jpg,border
b074949.jpg,border
b082661.jpg,border
b083666.jpg,border
b083686.jpg,border
b088627.jpg,border
b088631.jpg,border
b089114.jpg,border
b092822.jpg,border
b092824.jpg,border
b092850.jpg,border
b093256.jpg,border
b093265.jpg,border
b093859.jpg,border
b093869.jpg,border
b093887.jpg,border
b096202.jpg,border
b096909.jpg,border
b096919.jpg,border
b097473.jpg,border
b097484.jpg,border
b099757.jpg,border
b099767.jpg,border
b105137.jpg,border
b105141.jpg,border
b105175.jpg,border
b105205.jpg,border
b105456.jpg,border
b107029.jpg,border
b107038.jpg,border
b116752.jpg,border
b152774.jpg,border
b152775.jpg,border
b152784.jpg,border
b152791.jpg,border
b211710.jpg,border
b222915.jpg,border
b222947.jpg,border
b222948.jpg,border
b222966.jpg,border
b225790.jpg,border
b225833.jpg,border
b228923.jpg,border
b228926.jpg,border
b230943.jpg,border
b238177.jpg,border
b238197.jpg,border
b238909.jpg,border
b238917.jpg,border
b238949.jpg,border
b239155.jpg,border
b239161.jpg,border
b239187.jpg,border
b239199.jpg,border
c003083.jpg,border
c003203.jpg,border
c003207.jpg,border
c003245.jpg,border
c003330.jpg,border
c003593.jpg,border
c003682.jpg,border
c003712.jpg,border
c003724.jpg,border
c003797.jpg,border
c003854.jpg,border
a017747.jpg,no_border
a018029.jpg,no_border
a018887.jpg,no_border
a019041.jpg,no_border
a019132.jpg,no_border
a019484.jpg,no_border
a028610.jpg,no_border
a028953.jpg,no_border
a028957.jpg,no_border
a028988.jpg,no_border
a029004.jpg,no_border
a029014.jpg,no_border
a029598.jpg,no_border
a036272.jpg,no_border
a036360.jpg,no_border
a036406.jpg,no_border
a036491.jpg,no_border
a036565.jpg,no_border
a036987.jpg,no_border
a046338.jpg,no_border
a046434.jpg,no_border
a046455.jpg,no_border
a046489.jpg,no_border
a046511.jpg,no_border
a046585.jpg,no_border
a046651.jpg,no_border
a046748.jpg,no_border
a046816.jpg,no_border
a046817.jpg,no_border
a046828.jpg,no_border
a049658.jpg,no_border
a049708.jpg,no_border
a070681.jpg,no_border
a070695.jpg,no_border
a070836.jpg,no_border
a071005.jpg,no_border
a071198.jpg,no_border
a071304.jpg,no_border
a071366.jpg,no_border
a071421.jpg,no_border
a071788.jpg,no_border
a072728.jpg,no_border
a072884.jpg,no_border
a073850.jpg,no_border
a108947.jpg,no_border
a115062.jpg,no_border
b022429.jpg,no_border
b022448.jpg,no_border
b022467.jpg,no_border
b022527.jpg,no_border
b023128.jpg,no_border
b023482.jpg,no_border
b023558.jpg,no_border
b023565.jpg,no_border
b023569.jpg,no_border
b023620.jpg,no_border
b023683.jpg,no_border
b023692.jpg,no_border
b023902.jpg,no_border
b023918.jpg,no_border
b024416.jpg,no_border
b026054.jpg,no_border
b026058.jpg,no_border
b027103.jpg,no_border
b027148.jpg,no_border
b029925.jpg,no_border
b029963.jpg,no_border
b029975.jpg,no_border
b032181.jpg,no_border
b047832.jpg,no_border
b047920.jpg,no_border
b048264.jpg,no_border
b048285.jpg,no_border
b048295.jpg,no_border
b048347.jpg,no_border
b048561.jpg,no_border
b048563.jpg,no_border
b048591.jpg,no_border
b048595.jpg,no_border
b048603.jpg,no_border
b048641.jpg,no_border
b048756.jpg,no_border
b049042.jpg,no_border
b049278.jpg,no_border
b049297.jpg,no_border
b049351.jpg,no_border
b049409.jpg,no_border
b049440.jpg,no_border
b049522.jpg,no_border
b049567.jpg,no_border
b049804.jpg,no_border
b049921.jpg,no_border
b060086.jpg,no_border
b060130.jpg,no_border
b060186.jpg,no_border
b060195.jpg,no_border
b060211.jpg,no_border
b060235.jpg,no_border
b060283.jpg,no_border
b060534.jpg,no_border
b060587.jpg,no_border
b060599.jpg,no_border
b060868.jpg,no_border
b060900.jpg,no_border
b061038.jpg,no_border
b061175.jpg,no_border
b061191.jpg,no_border
b061212.jpg,no_border
b061271.jpg,no_border
b061306.jpg,no_border
b061347.jpg,no_border
b061383.jpg,no_border
b061410.jpg,no_border
b061534.jpg,no_border
b061576.jpg,no_border
b061658.jpg,no_border
b061681.jpg,no_border
b061702.jpg,no_border
b061720.jpg,no_border
b061721.jpg,no_border
b062133.jpg,no_border
b062156.jpg,no_border
b062158.jpg,no_border
b062343.jpg,no_border
b062516.jpg,no_border
b062555.jpg,no_border
b062640.jpg,no_border
b062784.jpg,no_border
b062865.jpg,no_border
b062891.jpg,no_border
b062926.jpg,no_border
b063046.jpg,no_border
b063266.jpg,no_border
b063272.jpg,no_border
b063383.jpg,no_border
b063544.jpg,no_border
b063564.jpg,no_border
b063735.jpg,no_border
b063966.jpg,no_border
b064070.jpg,no_border
b064074.jpg,no_border
b064083.jpg,no_border
b064111.jpg,no_border
b064273.jpg,no_border
b064403.jpg,no_border
b064672.jpg,no_border
b064706.jpg,no_border
b064715.jpg,no_border
b064868.jpg,no_border
b064918.jpg,no_border
b065052.jpg,no_border
b065070.jpg,no_border
b065084.jpg,no_border
b065120.jpg,no_border
b065261.jpg,no_border
b065343.jpg,no_border
b065575.jpg,no_border
b065608.jpg,no_border
b065618.jpg,no_border
b065638.jpg,no_border
b065693.jpg,no_border
b065768.jpg,no_border
b065773.jpg,no_border
b065794.jpg,no_border
b065821.jpg,no_border
b065919.jpg,no_border
b066220.jpg,no_border
b066235.jpg,no_border
b066327.jpg,no_border
b066477.jpg,no_border
b066523.jpg,no_border
b066546.jpg,no_border
b066626.jpg,no_border
b066776.jpg,no_border
b066778.jpg,no_border
b066811.jpg,no_border
b067000.jpg,no_border
b067047.jpg,no_border
b067132.jpg,no_border
b067240.jpg,no_border
b067244.jpg,no_border
b067260.jpg,no_border
b067369.jpg,no_border
b067380.jpg,no_border
b067414.jpg,no_border
b067567.jpg,no_border
b067987.jpg,no_border
b068016.jpg,no_border
b068096.jpg,no_border
b068194.jpg,no_border
b068230.jpg,no_border
b068248.jpg,no_border
b068271.jpg,no_border
b068293.jpg,no_border
b068355.jpg,no_border
b068433.jpg,no_border
b068447.jpg,no_border
b068452.jpg,no_border
b068491.jpg,no_border
b068782.jpg,no_border
b069132.jpg,no_border
b069149.jpg,no_border
b069168.jpg,no_border
b069338.jpg,no_border
b069339.jpg,no_border
b069552.jpg,no_border
b069582.jpg,no_border
b069628.jpg,no_border
b069708.jpg,no_border
b069986.jpg,no_border
b069995.jpg,no_border
b082063.jpg,no_border
b082082.jpg,no_border
b082541.jpg,no_border
b105431.jpg,no_border
b105601.jpg,no_border
b105605.jpg,no_border
b105685.jpg,no_border
b105715.jpg,no_border
b105747.jpg,no_border
b105749.jpg,no_border
b105778.jpg,no_border
b105842.jpg,no_border
b105850.jpg,no_border
b115556.jpg,no_border
b115573.jpg,no_border
b115635.jpg,no_border
b115650.jpg,no_border
b115692.jpg,no_border
b227921.jpg,no_border
b228911.jpg,no_border
b234951.jpg,no_border
c003105.jpg,no_border
c003222.jpg,no_border
c003387.jpg,no_border
c003438.jpg,no_border
c003545.jpg,no_border
