epoch,time,train/box_loss,train/cls_loss,train/dfl_loss,metrics/precision(B),metrics/recall(B),metrics/mAP50(B),metrics/mAP50-95(B),val/box_loss,val/cls_loss,val/dfl_loss,lr/pg0,lr/pg1,lr/pg2
1,30.4816,5.04563,24.5452,0.00683,0.0001,0.01299,0,0,2.45123,14.3678,0.00318,0.00016,0.00016,0.00016
2,38.5325,4.87009,21.5706,0.00613,0,0,0,0,2.2308,8.22845,0.00309,0.000339991,0.000339991,0.000339991
3,46.8525,3.96359,9.43632,0.00466,0.08516,0.20779,0.06067,0.01721,1.72053,3.39155,0.0019,0.000519944,0.000519944,0.000519944
4,55.2492,3.25238,5.91921,0.00358,0.74503,0.16883,0.28383,0.09496,1.67384,3.03391,0.0018,0.000699829,0.000699829,0.000699829
5,63.9158,3.20422,3.96038,0.0035,0.67971,0.36364,0.45393,0.14561,1.63766,2.36743,0.00182,0.000879618,0.000879618,0.000879618
6,72.7792,3.28657,2.63061,0.00356,0.84461,0.353,0.49193,0.15363,1.59871,1.57665,0.00169,0.00105928,0.00105928,0.00105928
7,81.9124,3.05577,2.52869,0.00306,0.94399,0.21898,0.38778,0.11037,1.5965,1.72371,0.0017,0.00123879,0.00123879,0.00123879
8,90.8617,2.94425,2.05527,0.00313,0.73685,0.29102,0.42733,0.13143,1.60105,1.45885,0.00171,0.00141811,0.00141811,0.00141811
9,99.551,3.04234,1.66784,0.00325,0.55223,0.50649,0.51426,0.1942,1.52035,0.96434,0.00161,0.00159722,0.00159722,0.00159722
10,108.142,3.26153,1.70022,0.00357,0.68316,0.53247,0.63091,0.2068,1.50412,0.89491,0.00157,0.00177609,0.00177609,0.00177609
11,116.606,3.15781,1.74509,0.00348,0.7934,0.59848,0.72468,0.23989,1.49893,0.77624,0.00155,0.00195469,0.00195469,0.00195469
12,125.08,2.98096,1.46595,0.00326,0.80186,0.5974,0.7228,0.25575,1.54682,0.74527,0.0016,0.00199344,0.00199344,0.00199344
13,133.481,2.94743,1.63819,0.00307,0.70105,0.60911,0.60599,0.20688,1.68744,0.88564,0.00177,0.00199219,0.00199219,0.00199219
14,141.852,3.12798,1.84558,0.00315,0.66707,0.7013,0.65567,0.23088,1.49268,0.73805,0.0016,0.00199084,0.00199084,0.00199084
15,150.209,3.01444,1.7302,0.00319,0.68664,0.68303,0.66043,0.2323,1.50733,1.5737,0.00161,0.00198938,0.00198938,0.00198938
16,158.716,2.92796,1.42822,0.00312,0.68798,0.71429,0.64623,0.22791,1.47728,0.80248,0.00162,0.00198781,0.00198781,0.00198781
17,167.229,3.06792,1.68316,0.00328,0.66014,0.73158,0.70059,0.24638,1.49099,0.75029,0.00157,0.00198614,0.00198614,0.00198614
18,175.811,3.02421,1.76964,0.00309,0.75774,0.74026,0.73767,0.23908,1.65722,1.11074,0.00175,0.00198435,0.00198435,0.00198435
19,184.377,3.13462,1.72351,0.00317,0.74488,0.64465,0.67099,0.23938,1.52693,1.57216,0.00162,0.00198246,0.00198246,0.00198246
20,192.929,2.8035,1.25172,0.00305,0.71241,0.62338,0.62507,0.25652,1.46919,0.77886,0.00163,0.00198047,0.00198047,0.00198047
21,201.485,2.87966,1.40878,0.00309,0.74451,0.51948,0.56964,0.23365,1.53133,0.82997,0.00162,0.00197837,0.00197837,0.00197837
22,209.934,2.84572,1.31768,0.00314,0.70447,0.54545,0.59023,0.23659,1.46004,0.81032,0.00156,0.00197616,0.00197616,0.00197616
23,218.305,2.99707,1.64944,0.00298,0.66388,0.59002,0.65227,0.25267,1.39026,0.8017,0.00146,0.00197384,0.00197384,0.00197384
24,226.727,2.93709,1.16391,0.00306,0.70317,0.7013,0.69602,0.24222,1.63833,0.56958,0.00191,0.00197142,0.00197142,0.00197142
25,235.061,2.68373,1.28266,0.00288,0.77296,0.64935,0.67986,0.2464,1.56874,0.61065,0.00177,0.0019689,0.0019689,0.0019689
26,243.427,2.91138,1.17904,0.00311,0.70835,0.66238,0.71309,0.25959,1.47041,0.69325,0.00163,0.00196627,0.00196627,0.00196627
27,251.898,2.61463,1.08268,0.00275,0.79801,0.67532,0.78592,0.30477,1.47096,0.76208,0.00162,0.00196353,0.00196353,0.00196353
28,260.406,2.8536,1.19571,0.00306,0.84585,0.67532,0.81654,0.30968,1.48478,0.6372,0.00158,0.00196069,0.00196069,0.00196069
29,268.917,3.16606,1.21979,0.00322,0.85623,0.62338,0.7359,0.30799,1.4572,0.64371,0.0016,0.00195775,0.00195775,0.00195775
30,277.454,2.80863,1.21191,0.00301,0.80275,0.66234,0.76089,0.31986,1.44784,0.76617,0.00154,0.0019547,0.0019547,0.0019547
31,285.966,2.85233,1.15337,0.00301,0.80179,0.73551,0.76046,0.27937,1.57035,1.01022,0.00176,0.00195155,0.00195155,0.00195155
32,294.467,2.83521,1.42157,0.00274,0.82536,0.58442,0.71772,0.27647,1.55569,0.74816,0.00172,0.00194829,0.00194829,0.00194829
33,302.817,2.76174,1.03458,0.00289,0.82577,0.71429,0.78207,0.29427,1.538,0.51639,0.00167,0.00194493,0.00194493,0.00194493
34,311.203,2.85479,1.17277,0.00284,0.70691,0.58442,0.65877,0.23546,1.50757,0.82493,0.00157,0.00194147,0.00194147,0.00194147
35,319.614,2.95987,1.48604,0.00309,0.84818,0.62338,0.73134,0.26433,1.52565,0.69249,0.00162,0.00193791,0.00193791,0.00193791
36,328.103,2.83463,1.12969,0.00308,0.69518,0.622,0.6746,0.24379,1.51794,0.76127,0.00159,0.00193424,0.00193424,0.00193424
37,336.51,2.89142,1.00099,0.0029,0.72941,0.66234,0.68165,0.24785,1.49985,0.6764,0.00161,0.00193048,0.00193048,0.00193048
38,344.92,2.78779,1.21853,0.00298,0.78403,0.61039,0.69941,0.26013,1.57171,0.65623,0.00176,0.00192661,0.00192661,0.00192661
39,353.316,2.70962,1.12245,0.00281,0.6605,0.63636,0.66153,0.26153,1.53971,0.85162,0.00169,0.00192264,0.00192264,0.00192264
40,361.774,2.67457,1.01073,0.00275,0.8029,0.63488,0.69058,0.25771,1.58708,0.84339,0.00177,0.00191858,0.00191858,0.00191858
41,370.169,2.63185,1.04422,0.00292,0.88028,0.66234,0.75071,0.29687,1.42425,0.77665,0.00149,0.00191441,0.00191441,0.00191441
42,378.564,2.67588,1.16338,0.00286,0.80499,0.63636,0.70533,0.26281,1.52529,0.78544,0.00169,0.00191014,0.00191014,0.00191014
43,386.934,2.77578,1.28144,0.00286,0.82606,0.64935,0.74643,0.26917,1.51754,0.79566,0.00164,0.00190578,0.00190578,0.00190578
44,395.402,2.65365,0.99012,0.00269,0.85628,0.72727,0.76362,0.29727,1.42784,0.74593,0.00154,0.00190132,0.00190132,0.00190132
45,403.826,2.6253,1.04801,0.0027,0.82408,0.66924,0.71499,0.2752,1.47432,0.82664,0.00152,0.00189675,0.00189675,0.00189675
46,412.241,2.62988,0.96904,0.00264,0.82151,0.59772,0.68868,0.26212,1.48764,0.87221,0.00154,0.0018921,0.0018921,0.0018921
47,420.643,2.62209,1.05115,0.00257,0.78179,0.57143,0.64347,0.24185,1.45984,0.98802,0.00153,0.00188734,0.00188734,0.00188734
48,429.106,2.49103,0.96806,0.00255,0.86125,0.53247,0.63027,0.23587,1.41502,1.05758,0.00147,0.00188249,0.00188249,0.00188249
49,437.519,2.74605,1.1513,0.00281,0.90833,0.51478,0.62436,0.24329,1.43967,1.04387,0.00151,0.00187754,0.00187754,0.00187754
50,445.893,2.58682,0.92267,0.00264,0.83112,0.71429,0.81111,0.34383,1.36585,0.55677,0.00147,0.0018725,0.0018725,0.0018725
51,454.429,2.60825,0.96271,0.00269,0.85855,0.76623,0.8388,0.36255,1.41326,0.48413,0.00147,0.00186737,0.00186737,0.00186737
52,462.99,2.46865,0.7591,0.00264,0.81455,0.74026,0.78755,0.34312,1.42886,0.54453,0.00151,0.00186213,0.00186213,0.00186213
53,471.386,2.43026,0.90479,0.00249,0.83238,0.77393,0.84113,0.37079,1.40293,0.44639,0.00147,0.00185681,0.00185681,0.00185681
54,479.888,2.44963,0.97318,0.00246,0.8988,0.7013,0.86645,0.35877,1.42477,0.43298,0.00153,0.00185139,0.00185139,0.00185139
55,488.254,2.67841,0.80162,0.0028,0.80216,0.75325,0.84268,0.31807,1.48701,0.49412,0.0016,0.00184588,0.00184588,0.00184588
56,496.67,2.46415,0.76073,0.00255,0.85867,0.7013,0.82161,0.32104,1.47742,0.50296,0.0015,0.00184028,0.00184028,0.00184028
57,505.048,2.51024,0.92909,0.00254,0.87039,0.7013,0.79664,0.33737,1.4848,0.53798,0.00157,0.00183459,0.00183459,0.00183459
58,513.394,2.61026,0.85986,0.0026,0.85353,0.64935,0.75845,0.31138,1.52287,0.58385,0.00157,0.00182881,0.00182881,0.00182881
59,521.713,2.45985,0.92198,0.00247,0.77658,0.66234,0.70828,0.28636,1.49392,0.70506,0.00158,0.00182294,0.00182294,0.00182294
60,530.167,2.13937,0.92778,0.00215,0.84481,0.71429,0.76559,0.33096,1.44293,0.70585,0.00151,0.00181698,0.00181698,0.00181698
61,538.539,2.61459,1.00828,0.00254,0.85083,0.76623,0.80089,0.34508,1.41155,0.53785,0.00151,0.00181093,0.00181093,0.00181093
62,546.906,2.61961,0.9336,0.00255,0.86716,0.76302,0.81449,0.35749,1.38394,0.49811,0.00148,0.00180479,0.00180479,0.00180479
63,555.286,2.39061,0.88758,0.00245,0.75504,0.80062,0.82711,0.35761,1.39187,0.49078,0.00148,0.00179856,0.00179856,0.00179856
64,563.678,2.56131,0.99879,0.00263,0.85828,0.67532,0.75245,0.29798,1.5354,0.54681,0.00171,0.00179225,0.00179225,0.00179225
65,572.033,2.39061,0.85065,0.00247,0.7984,0.72012,0.76013,0.29851,1.52986,0.55997,0.00168,0.00178586,0.00178586,0.00178586
66,580.39,2.56948,0.82645,0.00256,0.84091,0.68647,0.73643,0.26659,1.57164,0.56559,0.00177,0.00177937,0.00177937,0.00177937
67,588.767,2.72258,0.85909,0.00278,0.89141,0.7463,0.77575,0.31747,1.45271,0.55149,0.00157,0.00177281,0.00177281,0.00177281
68,597.217,2.43087,0.76161,0.00236,0.93921,0.76623,0.83141,0.32274,1.4673,0.58882,0.00155,0.00176616,0.00176616,0.00176616
69,605.579,2.72997,1.16528,0.00277,0.94308,0.76623,0.82707,0.32485,1.43312,0.6045,0.00151,0.00175943,0.00175943,0.00175943
70,613.928,2.41159,0.74551,0.00247,0.83553,0.81818,0.85389,0.36033,1.39967,0.54655,0.00145,0.00175261,0.00175261,0.00175261
71,622.264,2.55043,0.98094,0.00247,0.84668,0.78891,0.84678,0.36384,1.38197,0.44145,0.00143,0.00174571,0.00174571,0.00174571
72,630.661,2.11015,0.71834,0.00209,0.86201,0.73019,0.79284,0.32642,1.3685,0.62207,0.00145,0.00173874,0.00173874,0.00173874
73,638.998,2.53458,0.95527,0.0026,0.84558,0.78228,0.81613,0.33483,1.38088,0.4607,0.00146,0.00173168,0.00173168,0.00173168
74,647.406,2.42075,0.76344,0.0024,0.78905,0.76623,0.82,0.34681,1.3685,0.45282,0.0014,0.00172454,0.00172454,0.00172454
75,655.727,2.42516,0.71097,0.00246,0.87745,0.74391,0.82045,0.37115,1.32136,0.42969,0.00138,0.00171733,0.00171733,0.00171733
76,664.232,2.25397,0.67782,0.00226,0.86072,0.71429,0.81563,0.35463,1.37427,0.48442,0.0014,0.00171004,0.00171004,0.00171004
77,672.614,2.39339,0.88141,0.00243,0.82519,0.71429,0.80414,0.37676,1.33108,0.4944,0.00136,0.00170267,0.00170267,0.00170267
78,681.088,2.5856,0.88084,0.00272,0.87908,0.77922,0.8236,0.3669,1.32323,0.49707,0.00139,0.00169522,0.00169522,0.00169522
79,689.432,2.62978,0.75713,0.00272,0.91942,0.74094,0.83835,0.31482,1.44762,0.58554,0.00148,0.0016877,0.0016877,0.0016877
80,697.849,2.60798,0.84506,0.00266,0.85878,0.77922,0.84727,0.3366,1.43188,0.50052,0.00149,0.00168011,0.00168011,0.00168011
81,706.199,2.37086,0.63682,0.00235,0.80111,0.74026,0.79795,0.34935,1.36718,0.55316,0.00144,0.00167244,0.00167244,0.00167244
82,714.598,2.56538,1.08378,0.00266,0.88825,0.72265,0.82039,0.35126,1.36915,0.56376,0.00145,0.0016647,0.0016647,0.0016647
83,722.964,2.45229,0.91576,0.00246,0.83395,0.79221,0.83362,0.33722,1.42404,0.49296,0.00152,0.00165689,0.00165689,0.00165689
84,731.373,2.22165,0.80545,0.00229,0.79774,0.76834,0.80457,0.31412,1.44498,0.58826,0.00156,0.001649,0.001649,0.001649
85,739.737,2.50502,1.03389,0.00253,0.83899,0.71429,0.80438,0.33963,1.43005,0.53346,0.00153,0.00164105,0.00164105,0.00164105
86,748.06,2.17627,0.78384,0.0022,0.81165,0.75325,0.81853,0.33447,1.44157,0.55346,0.00153,0.00163303,0.00163303,0.00163303
87,756.471,2.30539,0.74537,0.00228,0.8964,0.67422,0.79388,0.33641,1.42584,0.56139,0.0015,0.00162494,0.00162494,0.00162494
88,764.89,2.16032,0.7711,0.00221,0.8375,0.73633,0.7829,0.33703,1.45193,0.55018,0.00153,0.00161678,0.00161678,0.00161678
89,773.281,2.27674,0.73311,0.00239,0.80639,0.74026,0.78558,0.35296,1.43455,0.60291,0.00152,0.00160855,0.00160855,0.00160855
90,781.651,2.16977,0.6946,0.0022,0.83185,0.74026,0.7758,0.31371,1.46289,0.57428,0.00152,0.00160026,0.00160026,0.00160026
91,790.034,2.41499,1.30173,0.00235,0.86324,0.72727,0.78855,0.31156,1.47814,0.53924,0.00154,0.00159191,0.00159191,0.00159191
92,798.439,2.23335,0.75453,0.00228,0.83759,0.73677,0.77946,0.3413,1.43454,0.52778,0.00151,0.00158349,0.00158349,0.00158349
93,806.765,2.46992,0.80569,0.00244,0.88904,0.7013,0.77846,0.35288,1.43019,0.54669,0.0015,0.00157501,0.00157501,0.00157501
94,815.093,2.25849,0.73997,0.00218,0.85382,0.67532,0.74826,0.35082,1.41115,0.63103,0.0015,0.00156646,0.00156646,0.00156646
95,823.486,2.35646,0.83118,0.00229,0.79541,0.72727,0.77105,0.35872,1.39179,0.65406,0.00146,0.00155786,0.00155786,0.00155786
96,831.862,2.24551,0.68118,0.00223,0.94184,0.7013,0.81334,0.34916,1.4456,0.5221,0.00151,0.00154919,0.00154919,0.00154919
97,840.188,2.33097,0.8061,0.00221,0.90596,0.74026,0.82204,0.34739,1.41757,0.55228,0.00148,0.00154047,0.00154047,0.00154047
98,848.508,2.2226,0.69395,0.00213,0.90718,0.76623,0.81616,0.34829,1.39593,0.58312,0.00147,0.00153169,0.00153169,0.00153169
99,856.817,2.3466,0.84134,0.00224,0.85399,0.75963,0.81255,0.36744,1.37833,0.55603,0.00145,0.00152285,0.00152285,0.00152285
100,865.173,2.32224,0.76418,0.0023,0.85909,0.79221,0.83476,0.38256,1.36977,0.47699,0.00143,0.00151395,0.00151395,0.00151395
101,873.598,2.17922,0.6544,0.00216,0.79441,0.80292,0.82464,0.34995,1.43893,0.4519,0.00149,0.001505,0.001505,0.001505
102,881.933,2.40437,0.78528,0.00228,0.81772,0.76623,0.82694,0.3517,1.43587,0.42871,0.00148,0.00149599,0.00149599,0.00149599
103,890.271,2.20273,0.6892,0.00217,0.87263,0.80519,0.8695,0.37575,1.38266,0.391,0.00142,0.00148694,0.00148694,0.00148694
104,898.694,2.26843,0.67015,0.00229,0.84399,0.84308,0.86092,0.376,1.3725,0.43128,0.00142,0.00147783,0.00147783,0.00147783
105,907.093,2.07173,0.66839,0.00214,0.80073,0.85714,0.84685,0.36618,1.38694,0.4413,0.00145,0.00146866,0.00146866,0.00146866
106,915.504,2.05263,0.6066,0.00204,0.8695,0.81818,0.84005,0.34028,1.42704,0.50004,0.0015,0.00145945,0.00145945,0.00145945
107,923.868,2.37187,0.72102,0.00225,0.89031,0.77922,0.83588,0.32575,1.44796,0.5008,0.00151,0.00145019,0.00145019,0.00145019
108,932.265,2.20129,0.63022,0.00213,0.89461,0.72727,0.80399,0.33233,1.4477,0.51748,0.00155,0.00144088,0.00144088,0.00144088
109,940.669,2.16974,0.60015,0.00222,0.90361,0.74026,0.81984,0.32992,1.45253,0.50673,0.00155,0.00143152,0.00143152,0.00143152
110,949.011,2.06777,0.66553,0.00204,0.78622,0.79221,0.82362,0.33601,1.43433,0.50471,0.00151,0.00142212,0.00142212,0.00142212
111,957.412,2.20341,0.68452,0.00228,0.86652,0.80519,0.84044,0.34252,1.42,0.47881,0.00148,0.00141267,0.00141267,0.00141267
112,965.768,2.265,0.6228,0.00229,0.85115,0.74026,0.79411,0.32119,1.46057,0.57593,0.0015,0.00140318,0.00140318,0.00140318
113,974.11,2.03405,0.59774,0.00209,0.94008,0.7013,0.81654,0.32836,1.43023,0.59485,0.00151,0.00139364,0.00139364,0.00139364
114,982.433,2.06302,0.56046,0.00202,0.96795,0.75325,0.85003,0.35158,1.42869,0.514,0.00154,0.00138406,0.00138406,0.00138406
115,990.732,2.04498,0.58592,0.00209,0.92416,0.79129,0.84435,0.35327,1.44641,0.52709,0.00152,0.00137444,0.00137444,0.00137444
116,999.102,2.15325,0.71696,0.002,0.93013,0.75325,0.84421,0.35736,1.44984,0.51278,0.00152,0.00136478,0.00136478,0.00136478
117,1007.44,2.13918,0.66699,0.0021,0.88135,0.77181,0.85024,0.35264,1.4628,0.46432,0.00153,0.00135509,0.00135509,0.00135509
118,1015.76,2.14203,0.55723,0.00224,0.89085,0.74026,0.8502,0.33309,1.49685,0.48528,0.00155,0.00134535,0.00134535,0.00134535
119,1024.11,2.41693,0.80629,0.00224,0.91054,0.71429,0.81573,0.33352,1.49744,0.46978,0.00157,0.00133558,0.00133558,0.00133558
120,1032.5,2.08641,0.69077,0.00207,0.94885,0.72278,0.8128,0.37561,1.38291,0.48243,0.00144,0.00132577,0.00132577,0.00132577
121,1040.8,2.20639,0.62327,0.00222,0.87721,0.74228,0.79979,0.3571,1.40005,0.52967,0.0015,0.00131593,0.00131593,0.00131593
122,1049.13,2.03329,0.56576,0.00204,0.90982,0.68831,0.7659,0.35109,1.37955,0.5651,0.00145,0.00130605,0.00130605,0.00130605
123,1057.42,1.78323,0.62425,0.00168,0.8449,0.77922,0.79429,0.34075,1.41771,0.52236,0.0015,0.00129614,0.00129614,0.00129614
124,1065.8,2.05751,0.67413,0.00217,0.84345,0.75325,0.81538,0.34453,1.435,0.49924,0.00151,0.0012862,0.0012862,0.0012862
125,1074.16,1.99731,0.57352,0.00197,0.8669,0.76623,0.82531,0.35643,1.41796,0.5201,0.00149,0.00127623,0.00127623,0.00127623
126,1082.51,2.17984,0.67502,0.00204,0.86127,0.72568,0.81512,0.3394,1.42388,0.54131,0.00151,0.00126623,0.00126623,0.00126623
127,1090.83,2.18609,0.71154,0.00206,0.85568,0.69305,0.78821,0.33762,1.4191,0.5297,0.00154,0.0012562,0.0012562,0.0012562
128,1099.21,2.24739,0.68635,0.00216,0.89075,0.72727,0.81983,0.33871,1.4169,0.51437,0.00151,0.00124615,0.00124615,0.00124615
129,1107.54,1.98771,0.55174,0.00202,0.83524,0.72422,0.80924,0.35667,1.38783,0.50363,0.00146,0.00123607,0.00123607,0.00123607
130,1115.79,1.7754,0.55526,0.00165,0.80172,0.77922,0.82632,0.36464,1.36019,0.50983,0.00144,0.00122596,0.00122596,0.00122596
131,1124.11,1.92708,0.5394,0.00191,0.87957,0.75885,0.83178,0.35586,1.38131,0.5528,0.00146,0.00121583,0.00121583,0.00121583
132,1132.5,2.16025,0.62613,0.00218,0.87237,0.799,0.84026,0.33753,1.43491,0.5537,0.0015,0.00120568,0.00120568,0.00120568
133,1140.85,1.93283,0.58439,0.00189,0.90449,0.77922,0.84647,0.351,1.39591,0.52995,0.00147,0.00119551,0.00119551,0.00119551
134,1149.16,1.89799,0.49385,0.00185,0.91965,0.79221,0.852,0.36184,1.36709,0.53639,0.00145,0.00118531,0.00118531,0.00118531
135,1157.5,1.86783,0.56028,0.00188,0.9116,0.8036,0.84534,0.35743,1.38666,0.51702,0.00145,0.0011751,0.0011751,0.0011751
136,1165.88,2.028,0.50927,0.00191,0.92121,0.77922,0.83782,0.34932,1.39449,0.52129,0.00145,0.00116487,0.00116487,0.00116487
137,1174.2,2.02845,0.54267,0.00197,0.87113,0.80519,0.82488,0.34929,1.38691,0.50144,0.00147,0.00115462,0.00115462,0.00115462
138,1182.48,2.07059,0.50567,0.00201,0.89817,0.8019,0.84735,0.36015,1.37069,0.49982,0.00145,0.00114436,0.00114436,0.00114436
139,1190.81,1.94518,0.63158,0.00189,0.95569,0.76623,0.83925,0.36288,1.37089,0.52265,0.00144,0.00113408,0.00113408,0.00113408
140,1199.15,1.87174,0.48431,0.00181,0.96733,0.76899,0.81786,0.3286,1.44817,0.61189,0.00157,0.00112379,0.00112379,0.00112379
141,1207.49,1.91517,0.56527,0.00196,0.95081,0.75313,0.79966,0.34061,1.38854,0.59691,0.00148,0.00111348,0.00111348,0.00111348
142,1215.78,1.96164,0.56498,0.00191,0.94702,0.79221,0.8462,0.37797,1.36642,0.50532,0.00142,0.00110317,0.00110317,0.00110317
143,1224.11,1.86169,0.4791,0.00182,0.9345,0.77922,0.80802,0.37947,1.36633,0.50131,0.00143,0.00109284,0.00109284,0.00109284
144,1232.48,1.86896,0.41634,0.00177,0.91454,0.74026,0.78686,0.33645,1.44077,0.619,0.00155,0.00108251,0.00108251,0.00108251
145,1240.81,2.1002,0.72315,0.00208,0.95079,0.7527,0.82232,0.33815,1.4465,0.55934,0.00155,0.00107216,0.00107216,0.00107216
146,1249.14,1.8498,0.49403,0.00176,0.87696,0.77922,0.83184,0.34099,1.45065,0.53022,0.00151,0.00106181,0.00106181,0.00106181
147,1257.51,1.84848,0.59287,0.0018,0.89438,0.76989,0.83516,0.35049,1.43451,0.52028,0.0015,0.00105146,0.00105146,0.00105146
148,1265.86,1.87444,0.49257,0.00187,0.90902,0.77854,0.83549,0.36214,1.39864,0.48953,0.00148,0.0010411,0.0010411,0.0010411
149,1274.18,1.94048,0.5608,0.00188,0.89393,0.76612,0.8138,0.36611,1.41633,0.49129,0.00149,0.00103073,0.00103073,0.00103073
150,1282.51,1.94276,0.57252,0.00188,0.91039,0.75325,0.82032,0.35549,1.43343,0.52665,0.0015,0.00102037,0.00102037,0.00102037
